questionType,contentType,contentBody,intAnswer,prepTime(in_seconds),floatAnswer.max,floatAnswer.min,fitbAnswer,mcscAnswer,subjectiveAnswer,option.1,option.2,option.3,option.4,mcmcAnswer,tagRelationships,difficultyLevel,answerExplanationType,answerExplanation
mcsc,text,Which is even number ? ( This is example for Multiple Choice Single Choice ),,,,,,2,,one,two,three,five,,"64677535a4c1dfb041843709,646f3787c033f9c27bdcf11d,646778c2f8a1fa9ee4d56b14,6482ffa064b22dc6cc2a8a5d,64511623b29ebf5c58c3a439,646777daa0b389b69ddaa939",0,text,An even number is divisible by 2. Among the given options only two is divisible by 2.
mcmc,text,Which is odd number ? ( This is example for Multiple Choice Multi Choice ),,,,,,,,one,two,four,three,"1, 4","64677535a4c1dfb041843709,646f3787c033f9c27bdcf11d,646778c2f8a1fa9ee4d56b14,6482ffa064b22dc6cc2a8a5d,64511623b29ebf5c58c3a439,646777daa0b389b69ddaa939",0,text,Odd numbers are not divisible by 2. One and three are odd numbers as they leave a remainder when divided by 2.
video,text,Introduce about yourself ( This is example for Video type input question ),,30,,,,,,,,,,,"64677535a4c1dfb041843709,646f3787c033f9c27bdcf11d,646778c2f8a1fa9ee4d56b14,6482ffa064b22dc6cc2a8a5d,64511623b29ebf5c58c3a439,646777daa0b389b69ddaa939",0.5,text,This is a video response question where candidates record themselves introducing their background and experience.
subjective,text,What is your name? ( This is example for Subjective type input question ),,,,,,,Sony,,,,,,"64677535a4c1dfb041843709,646f3787c033f9c27bdcf11d,646778c2f8a1fa9ee4d56b14,6482ffa064b22dc6cc2a8a5d,64511623b29ebf5c58c3a439,646777daa0b389b69ddaa939",1,text,This is a basic identification question to collect the candidate's name.
int,text,Which the smallest even prime number? ( This is example for Integer type input question ),2,,,,,,,,,,,,"64677535a4c1dfb041843709,646f3787c033f9c27bdcf11d,646778c2f8a1fa9ee4d56b14,6482ffa064b22dc6cc2a8a5d,64511623b29ebf5c58c3a439,646777daa0b389b69ddaa939",0.5,text,2 is the only even prime number because it has exactly two factors (1 and 2) and is divisible by 2.
fitb,text,_____ is my country. ( This is example for Fill in the blanks type of input question ),,,,,India,,,,,,,,"64677535a4c1dfb041843709,646f3787c033f9c27bdcf11d,646778c2f8a1fa9ee4d56b14,6482ffa064b22dc6cc2a8a5d,64511623b29ebf5c58c3a439,646777daa0b389b69ddaa939",0.5,text,This is a fill in the blanks question where the candidate needs to complete the sentence with their country name.
floatRange,text,What is your explected CTC range in LPA? ( This is example for floatrange type input question ),,,7.5,5.5,,,,,,,,,"64677535a4c1dfb041843709,646f3787c033f9c27bdcf11d,646778c2f8a1fa9ee4d56b14,6482ffa064b22dc6cc2a8a5d,64511623b29ebf5c58c3a439,646777daa0b389b69ddaa939",0.5,text,This question collects the candidate's expected salary range in Lakhs Per Annum (LPA) for compensation planning.
mcsc,markdown,"**Which is even number?**
- One
- **Two**
- Three
- Five",,,,,,2,,one,two,three,five,,"64677535a4c1dfb041843709,646f3787c033f9c27bdcf11d,646778c2f8a1fa9ee4d56b14,6482ffa064b22dc6cc2a8a5d,64511623b29ebf5c58c3a439,646777daa0b389b69ddaa939",0,markdown,This is the same even number question but formatted using markdown for better visual presentation.
mcsc,html,"<html><body><p><strong>Which is even number?</strong></p><ul><li>One</li><li><strong>Two</strong></li><li>Three</li><li>Five</li></ul></body></html>",,,,,,2,,one,two,three,five,,"64677535a4c1dfb041843709,646f3787c033f9c27bdcf11d,646778c2f8a1fa9ee4d56b14,6482ffa064b22dc6cc2a8a5d,64511623b29ebf5c58c3a439,646777daa0b389b69ddaa939",0,html,This is the same even number question but formatted using HTML for rich text display with proper styling.